{"train/explained_variance":0.7673264145851135,"_wandb":{"runtime":1437},"rollout/ep_len_mean":815.49,"safety/spill_rate":0,"safety/completion_rate":0,"_step":2000896,"train/loss":0.18955005705356598,"rollout/ep_rew_mean":-6816.169706019999,"time/total_timesteps":2.000896e+06,"time/iterations":977,"train/n_updates":4880,"safety/steps_per_episode":1000,"train/value_loss":0.627922067604959,"train/policy_gradient_loss":-0.005317850661231205,"time/fps":1394,"train/approx_kl":0.0075219422578811646,"train/clip_fraction":0.04755859375,"train/std":1.1608508825302124,"_timestamp":1.7807724839672146e+09,"_runtime":1437.055412337,"train/entropy_loss":-4.7057890683412555,"time/time_elapsed":1435,"train/clip_range":0.2,"train/learning_rate":0.0001}