{"train/learning_rate":0.0003,"_timestamp":1.7807991042798328e+09,"train/loss":-0.0381317101418972,"time/iterations":611,"safety/completion_rate":0,"_step":5005312,"safety/ground_rate":0,"_runtime":3221.580887428,"_wandb":{"runtime":3221},"time/time_elapsed":3215,"train/std":0.2975468337535858,"time/total_timesteps":5.005312e+06,"train/explained_variance":0.9518886804580688,"train/approx_kl":0.008177659474313259,"train/entropy_loss":-0.6035602927207947,"rollout/ep_rew_mean":1.6879068499999996,"safety/spill_rate":0,"safety/steps_per_episode":1000,"safety/obstacle_rate":0,"train/clip_range":0.2,"train/policy_gradient_loss":-0.0054857886279933155,"train/value_loss":0.0035192943178117275,"time/fps":1556,"train/clip_fraction":0.10999755859375,"rollout/ep_len_mean":996.99,"train/n_updates":6100}