{"_runtime":583.282115136,"_timestamp":1.780774888349101e+09,"train/clip_fraction":0.0036865234375,"train/policy_gradient_loss":-0.0009742495894897729,"rollout/ep_rew_mean":-105.64533416,"train/clip_range":0.2,"_wandb":{"runtime":583},"rollout/ep_len_mean":751.4,"safety/completion_rate":0,"train/n_updates":610,"train/learning_rate":0.0001,"time/fps":3482,"train/approx_kl":0.0012158745666965842,"train/value_loss":22.22992648407817,"_step":2015232,"train/entropy_loss":-3.8983001857995987,"train/std":0.8876996040344238,"train/explained_variance":0.8624163269996643,"train/loss":7.649418830871582,"time/time_elapsed":578,"time/iterations":123,"safety/steps_per_episode":823.1666666666666,"time/total_timesteps":2.015232e+06,"safety/spill_rate":0}