{"safety/spill_rate":0,"_runtime":527.79002087,"train/clip_fraction":0.0296875,"_timestamp":1.7807893352757974e+09,"train/policy_gradient_loss":-0.005159583606291563,"train/clip_range":0.2,"train/loss":0.03299515321850777,"time/time_elapsed":525,"time/iterations":977,"rollout/ep_rew_mean":-42.76498305,"train/explained_variance":0.9890835285186768,"rollout/ep_len_mean":587.36,"train/std":0.2680594027042389,"time/total_timesteps":2.000896e+06,"train/approx_kl":0.0038751005195081234,"train/value_loss":0.3217978721484542,"safety/steps_per_episode":579.7142857142857,"time/fps":3808,"train/n_updates":4880,"train/entropy_loss":-0.3087540313601494,"safety/obstacle_rate":0.8571428571428571,"_step":2000896,"safety/ground_rate":0,"safety/completion_rate":0,"train/learning_rate":0.0001,"_wandb":{"runtime":527}}