{"train/std":0.13730330765247345,"rollout/ep_len_mean":411.05,"train/clip_fraction":0.038671875,"_wandb":{"runtime":624},"safety/ground_rate":0,"train/value_loss":8.935057867347496e-05,"train/approx_kl":0.0039054001681506634,"_step":2000896,"time/time_elapsed":621,"safety/steps_per_episode":430.9,"time/fps":3221,"train/policy_gradient_loss":-0.003838959912536666,"train/n_updates":4880,"train/loss":0.016281256452202797,"_timestamp":1.7807816239078164e+09,"safety/spill_rate":0,"rollout/ep_rew_mean":7.42362163,"time/total_timesteps":2.000896e+06,"train/learning_rate":0.0001,"_runtime":624.134252961,"train/clip_range":0.2,"train/entropy_loss":1.6992133796215056,"safety/completion_rate":1,"train/explained_variance":0.9998226761817932,"time/iterations":977}