{"time/total_timesteps":4096,"train/explained_variance":-0.0072994232177734375,"_runtime":3.786279248,"train/learning_rate":0.0001,"safety/completion_rate":0,"_timestamp":1.7803829057211976e+09,"safety/spill_rate":0.5,"train/policy_gradient_loss":-0.0033944768947549164,"time/time_elapsed":1,"time/fps":2221,"_wandb":{"runtime":3},"train/loss":12.58965015411377,"train/value_loss":28.86050605326891,"train/clip_range":0.2,"train/clip_fraction":0.005078125,"train/entropy_loss":-4.261092272400856,"rollout/ep_rew_mean":-131.90628771428572,"train/n_updates":5,"train/std":1.0027331113815308,"_step":5000,"rollout/ep_len_mean":581.4285714285714,"safety/steps_per_episode":457.9,"time/iterations":2}