{"safety/ground_rate":0.23529411764705882,"rollout/ep_len_mean":379.1,"train/policy_gradient_loss":-0.00013289194321259857,"safety/spill_rate":0.058823529411764705,"time/fps":3304,"time/iterations":977,"train/approx_kl":2.603477332741022e-05,"time/total_timesteps":2.000896e+06,"train/std":0.8011659979820251,"train/explained_variance":0.7484595775604248,"safety/steps_per_episode":306.47058823529414,"train/n_updates":4880,"safety/completion_rate":0.7058823529411765,"rollout/ep_rew_mean":20.850074569999997,"train/loss":225.88259887695312,"_wandb":{"runtime":608},"time/time_elapsed":605,"train/entropy_loss":-3.5911084175109864,"_runtime":608.429404264,"_step":2000896,"_timestamp":1.7807785170981157e+09,"train/value_loss":405.69187088012694,"train/clip_range":0.2,"train/learning_rate":0.0001,"train/clip_fraction":0}