{"safety/steps_per_episode":567.875,"train/policy_gradient_loss":-0.0018452296033501625,"rollout/ep_rew_mean":-138.54955898214286,"train/clip_range":0.2,"_wandb":{"runtime":16},"train/std":1.0026947259902954,"rollout/ep_len_mean":657.1964285714286,"time/total_timesteps":36864,"time/fps":2445,"safety/spill_rate":0.875,"_timestamp":1.7803832664915855e+09,"time/time_elapsed":15,"train/clip_fraction":0,"_step":36864,"train/value_loss":23.772835210338236,"train/learning_rate":0.0001,"safety/completion_rate":0,"time/iterations":18,"train/explained_variance":0.3161681890487671,"train/n_updates":85,"train/entropy_loss":-4.263047525286675,"_runtime":16.130356793,"train/loss":6.2164387702941895}