{"train/explained_variance":0.14751100540161133,"rollout/ep_rew_mean":-126.59327305555556,"train/clip_range":0.2,"_runtime":7.3096607989999995,"safety/completion_rate":0,"train/policy_gradient_loss":-0.0006042576569598168,"train/std":1.002194881439209,"time/total_timesteps":10240,"_step":10240,"train/learning_rate":0.0001,"rollout/ep_len_mean":552.9444444444445,"train/loss":1.114646315574646,"_timestamp":1.780382964317796e+09,"safety/spill_rate":0.8,"time/time_elapsed":6,"train/entropy_loss":-4.265437871217728,"_wandb":{"runtime":7},"safety/steps_per_episode":511.6,"time/fps":1697,"train/n_updates":20,"time/iterations":5,"train/clip_fraction":0,"train/value_loss":21.89217396453023}