{"_step":2000896,"rollout/ep_len_mean":835.59,"safety/spill_rate":0,"train/value_loss":0.037775432589114644,"train/clip_fraction":0.073046875,"time/time_elapsed":1237,"train/loss":0.0013781939633190632,"train/learning_rate":0.0001,"_wandb":{"runtime":1239},"time/iterations":977,"train/explained_variance":0.9872437715530396,"time/total_timesteps":2.000896e+06,"safety/completion_rate":0,"train/entropy_loss":-0.001684483140707016,"train/std":0.24246685206890106,"safety/steps_per_episode":1000,"_timestamp":1.7807205273469524e+09,"train/approx_kl":0.007212776690721512,"rollout/ep_rew_mean":-103.41399235,"_runtime":1239.090439633,"train/n_updates":4880,"train/clip_range":0.2,"train/policy_gradient_loss":-0.0034476064145565035,"time/fps":1616}