{"train/value_loss":5.103217094950378,"_step":155648,"time/fps":1479,"_timestamp":1.780382855151572e+09,"train/policy_gradient_loss":-0.0019232174701755867,"train/entropy_loss":-4.251216763257981,"time/time_elapsed":105,"safety/spill_rate":0.875,"train/explained_variance":0.8180668354034424,"time/iterations":76,"rollout/ep_len_mean":710.65,"train/clip_range":0.2,"train/learning_rate":0.0001,"train/std":0.9989849925041199,"time/total_timesteps":155648,"_wandb":{"runtime":107},"train/loss":0.8011598587036133,"safety/steps_per_episode":575.125,"_runtime":107.264252924,"rollout/ep_rew_mean":-149.32880731999998,"train/n_updates":375,"train/clip_fraction":0.0072265625,"safety/completion_rate":0}