{"time/fps":2417,"train/learning_rate":0.0001,"train/policy_gradient_loss":-0.0026677179033868016,"_wandb":{"runtime":828},"_timestamp":1.7804372857242808e+09,"rollout/ep_rew_mean":-106.95253815000002,"time/iterations":977,"safety/spill_rate":0.8333333333333334,"_runtime":828.59537161,"safety/steps_per_episode":866.8333333333334,"safety/completion_rate":0,"train/value_loss":0.06359637371497229,"train/std":0.1582983136177063,"train/explained_variance":0.9981714487075806,"time/time_elapsed":827,"train/entropy_loss":1.2772855438292026,"train/clip_range":0.2,"train/loss":0.03941333293914795,"rollout/ep_len_mean":865.55,"_step":2000896,"time/total_timesteps":2.000896e+06,"train/clip_fraction":0.09970703125,"train/approx_kl":0.009610353969037533,"train/n_updates":4880}