{"_runtime":68.191329223,"time/total_timesteps":163840,"train/std":0.9683781266212463,"time/fps":2431,"safety/completion_rate":0,"_wandb":{"runtime":68},"time/time_elapsed":67,"train/learning_rate":0.0001,"train/explained_variance":0.9872691035270691,"safety/spill_rate":0.5,"train/n_updates":395,"rollout/ep_len_mean":653.67,"rollout/ep_rew_mean":-135.50120085999998,"time/iterations":80,"safety/steps_per_episode":685.25,"train/clip_range":0.2,"train/policy_gradient_loss":-0.004186753806425259,"_step":163840,"train/value_loss":0.4429915958084166,"train/loss":-0.01026003435254097,"_timestamp":1.7804363826501687e+09,"train/entropy_loss":-4.164242085814476,"train/clip_fraction":0.015625}