{"_runtime":120.118784712,"_step":172032,"_timestamp":1.7803826596391563e+09,"safety/spill_rate":0.6,"safety/completion_rate":0,"safety/steps_per_episode":876.4,"_wandb":{"runtime":120}}