{"safety/ground_rate":0,"time/iterations":611,"safety/obstacle_rate":0,"safety/steps_per_episode":1000,"rollout/ep_rew_mean":-1.7277849200000004,"train/policy_gradient_loss":-0.005716105317696929,"train/value_loss":0.0022396847169147806,"train/clip_fraction":0.08763427734375,"train/n_updates":6100,"train/loss":-0.07121019810438156,"time/total_timesteps":5.005312e+06,"time/fps":4998,"train/explained_variance":0.9872402548789978,"_wandb":{"runtime":1002},"_runtime":1002.908195922,"rollout/ep_len_mean":990.01,"train/learning_rate":0.0003,"_timestamp":1.780797547807353e+09,"safety/completion_rate":0,"safety/spill_rate":0,"train/std":0.3624061346054077,"_step":5005312,"train/clip_range":0.2,"train/entropy_loss":-1.205632045865059,"time/time_elapsed":1001,"train/approx_kl":0.008424648083746433}