{"train/explained_variance":0.9840497374534607,"train/clip_fraction":0.0216796875,"time/fps":3159,"_runtime":636.37384145,"_step":2000896,"train/entropy_loss":-1.425878071784973,"time/total_timesteps":2.000896e+06,"safety/completion_rate":0,"time/time_elapsed":633,"rollout/ep_len_mean":951.06,"time/iterations":977,"train/learning_rate":0.0001,"safety/ground_rate":0.6666666666666666,"train/value_loss":0.020302090444602072,"train/policy_gradient_loss":-0.0022683334187604486,"train/std":0.38959455490112305,"train/n_updates":4880,"safety/steps_per_episode":927.5,"train/loss":0.00013171182945370674,"rollout/ep_rew_mean":15.702278740000002,"safety/spill_rate":0,"train/approx_kl":0.005437646992504597,"train/clip_range":0.2,"_timestamp":1.780780552693001e+09,"_wandb":{"runtime":636}}