{"_timestamp":1.7808016562857542e+09,"safety/completion_rate":0.9666666666666667,"train/std":1.1939952373504639,"_step":5005312,"time/total_timesteps":5.005312e+06,"train/clip_fraction":0.0394775390625,"train/entropy_loss":-4.779041492938996,"train/loss":-0.1598672866821289,"train/explained_variance":0.9984187483787537,"time/iterations":611,"safety/obstacle_rate":0,"train/clip_range":0.2,"safety/steps_per_episode":90.28888888888889,"_wandb":{"runtime":821},"train/n_updates":6100,"time/time_elapsed":819,"_runtime":821.161715618,"time/fps":6106,"safety/ground_rate":0,"rollout/ep_len_mean":90.55,"train/approx_kl":0.0054995594546198845,"train/learning_rate":0.0003,"safety/spill_rate":0.03333333333333333,"train/value_loss":0.35269226022064687,"train/policy_gradient_loss":-0.003775403305189684,"rollout/ep_rew_mean":85.00789522999999}