{"_step":2000896,"rollout/ep_len_mean":391.16,"train/n_updates":4880,"train/entropy_loss":-5.203868916630745,"train/explained_variance":0.865080714225769,"train/approx_kl":0.0021395934745669365,"train/value_loss":6.483619812130928,"train/loss":0.580094575881958,"time/iterations":977,"train/policy_gradient_loss":-0.001349733246024698,"rollout/ep_rew_mean":-327.40934930000003,"train/learning_rate":0.0001,"safety/spill_rate":1,"_timestamp":1.7807723164438007e+09,"train/std":1.3718363046646118,"_runtime":1316.464898662,"time/fps":1522,"train/clip_fraction":0.0017578125,"time/time_elapsed":1314,"train/clip_range":0.2,"safety/steps_per_episode":444.6666666666667,"time/total_timesteps":2.000896e+06,"_wandb":{"runtime":1316},"safety/completion_rate":0}