{"train/std":0.9217157363891602,"time/total_timesteps":2.000896e+06,"time/time_elapsed":1124,"safety/completion_rate":0,"_timestamp":1.780773926549185e+09,"_step":2000896,"train/learning_rate":0.0001,"train/value_loss":87.528486533463,"train/clip_fraction":0.0021484375,"_wandb":{"runtime":1126},"rollout/ep_rew_mean":19.899696750000004,"time/fps":1779,"time/iterations":977,"train/policy_gradient_loss":-0.001037105945579242,"safety/spill_rate":0.14285714285714285,"train/entropy_loss":-4.011555090546608,"train/n_updates":4880,"_runtime":1126.177707267,"safety/steps_per_episode":765,"train/explained_variance":0.9462103843688965,"rollout/ep_len_mean":936.51,"train/approx_kl":0.0020938871894031763,"train/loss":34.3918342590332,"train/clip_range":0.2}