{"time/fps":3219,"safety/steps_per_episode":547.375,"time/iterations":977,"_runtime":624.46128741,"train/value_loss":863.09857711792,"train/policy_gradient_loss":6.383722648024559e-05,"_timestamp":1.7807762782884564e+09,"train/clip_fraction":0,"train/approx_kl":1.1167459888383746e-05,"rollout/ep_len_mean":550.04,"time/total_timesteps":2.000896e+06,"train/clip_range":0.2,"time/time_elapsed":621,"train/n_updates":4880,"_wandb":{"runtime":624},"train/std":0.7775933146476746,"train/entropy_loss":-3.5015953481197357,"train/loss":342.1590576171875,"safety/completion_rate":0,"rollout/ep_rew_mean":41.911345139999995,"safety/spill_rate":0,"safety/ground_rate":0.75,"_step":2000896,"train/explained_variance":0.5368133783340454,"train/learning_rate":0.0001}