{"train/entropy_loss":-3.2059052705764772,"train/clip_fraction":0.00244140625,"train/n_updates":4880,"_wandb":{"runtime":626},"rollout/ep_rew_mean":159.16910833,"time/time_elapsed":623,"train/approx_kl":0.0013696998357772827,"time/fps":3209,"safety/completion_rate":0.6428571428571429,"safety/spill_rate":0,"train/loss":67.44612121582031,"train/std":0.7049244046211243,"_runtime":626.433612392,"_timestamp":1.7807794714950032e+09,"train/value_loss":109.11243925094604,"train/policy_gradient_loss":-0.001505442732013762,"safety/ground_rate":0.07142857142857142,"train/learning_rate":0.0001,"_step":2000896,"train/explained_variance":0.9447830319404602,"train/clip_range":0.2,"time/total_timesteps":2.000896e+06,"rollout/ep_len_mean":271.62,"time/iterations":977,"safety/steps_per_episode":461.57142857142856}