{"_timestamp":1.7803822575222986e+09,"_step":130000,"_wandb":{"runtime":90},"_runtime":90.156356716,"safety/spill_rate":0,"safety/completion_rate":0,"safety/steps_per_episode":848.6666666666666}