{"time/fps":2002,"safety/steps_per_episode":833.5,"train/approx_kl":0.0062494664,"train/explained_variance":0.99398863,"train/loss":0.002985917,"train/policy_gradient_loss":-0.003028228,"train/entropy_loss":0.53103393,"_runtime":1000,"train/value_loss":0.0010486041,"safety/spill_rate":0.16666667,"train/clip_fraction":0.0546875,"_step":13890,"safety/completion_rate":0,"train/learning_rate":0.0001,"_timestamp":1.7803811213152266e+09,"rollout/ep_rew_mean":-89.597595,"train/std":0.20280565,"_wandb":{"runtime":1000},"train/clip_range":0.2,"rollout/ep_len_mean":861.19,"global_step":2000896}